score,label
2.6117885,1
2.7898493,1
4.700148,1
4.6709166,1
4.541103,1
6.3429847,1
3.1652215,1
1.9890002,1
3.8117812,1
4.122628,1
2.9445357,1
2.8586023,1
3.2523549,1
2.6050053,1
4.2965145,1
1.5040665,1
2.9472125,1
3.4478812,1
0.29390147,1
3.3127868,1
4.6535554,1
2.8153207,1
2.676291,1
0.35335204,1
0.9151885,1
1.8869929,1
3.4982367,1
2.083853,1
2.6422174,1
0.9278037,1
3.698778,1
5.609255,1
6.0510044,1
1.9854224,1
3.313426,1
2.6564763,1
3.8910587,1
3.3017914,1
2.5136683,1
4.9091306,1
4.0401654,1
0.7550047,1
-0.70111144,1
2.519343,1
-2.385717,1
5.0554256,1
6.7022643,1
3.602793,1
4.478686,1
2.5134108,1
2.9026797,1
4.2247877,1
2.2440844,1
4.910989,1
7.403156,1
2.992817,1
5.510207,1
3.9598863,1
3.09917,1
3.3857265,1
7.7951245,1
6.506073,1
2.4639847,1
3.9160724,1
2.283766,1
0.15102257,1
3.3806367,1
2.5958245,1
4.302332,1
2.73202,1
2.2493203,1
2.775186,1
0.013139918,1
3.0427232,1
3.1456542,1
9.839072,1
-0.74354845,1
2.4631412,1
2.8161101,1
2.9908376,1
1.7054411,1
-0.7676166,1
3.696165,1
5.7662973,1
-0.48571518,1
2.5325472,1
2.876932,1
-2.5514505,1
0.93858194,1
1.5590812,1
4.4714937,1
2.8890653,1
6.0054617,1
2.8229475,1
-0.8976197,1
6.4108524,1
1.9824156,1
3.8448484,1
3.183251,1
5.3840337,1
2.577309,1
4.979606,1
1.8323517,1
2.8941705,1
3.6042097,1
3.0485976,1
3.4806075,1
2.8186908,1
2.5166535,1
4.064542,1
4.0434036,1
0.46458188,1
3.938447,1
-1.1171142,1
4.3716984,1
2.5153704,1
8.360913,1
2.5780954,1
5.6786847,1
2.3373563,1
1.9536268,1
2.4749768,1
4.749733,1
4.331348,1
2.7139008,1
4.89938,1
6.9240146,1
-0.5115232,1
2.7614534,1
2.8757524,1
4.48761,1
3.799965,1
3.152943,1
2.3023028,1
2.5202653,1
6.2239633,1
5.3307524,1
6.454349,1
0.8040536,1
2.8412926,1
3.0385313,1
8.410538,1
3.4083626,1
3.3506784,1
4.882559,1
4.4017563,1
3.2459395,1
2.3987374,1
0.40853518,1
1.7282132,1
2.3980954,1
1.0350667,1
2.764365,1
5.362147,1
6.0792527,1
3.061757,1
2.979204,1
2.7486649,1
0.32936978,1
3.1560993,1
4.7832303,1
3.3939185,1
2.099759,1
3.150468,1
3.2457712,1
2.9556155,1
7.7637,1
0.16302603,1
2.7531772,1
0.08244749,1
2.9402032,1
3.468038,1
2.0336192,1
1.0759811,1
2.8611193,1
4.465182,1
-0.6726035,1
3.759719,1
0.67561686,1
2.6182425,1
0.8967455,1
2.890441,1
2.4831815,1
-1.7586578,1
4.0184937,1
4.01075,1
2.9295523,1
3.4015925,1
5.0073276,1
4.2658606,1
5.949712,1
1.5131071,1
5.2443542,1
3.0878994,1
-0.04469652,1
7.847256,1
2.7867277,1
-0.06969845,1
6.2747645,1
1.251117,1
6.4579277,1
4.8196445,1
3.8484626,1
4.5319796,1
0.9785867,1
5.331849,1
-0.9438274,1
4.482534,1
1.722084,1
4.0566807,1
0.38158217,1
8.4708185,1
3.4825246,1
7.7794814,1
0.80303895,1
2.8073225,1
3.9743097,1
2.8618598,1
3.6080122,1
0.35142124,1
4.834844,1
2.874433,1
2.992823,1
3.370655,1
-0.68611056,1
3.6225955,1
2.8962145,1
3.7584038,1
2.8928998,1
3.2531753,1
6.403846,1
1.9914532,1
-0.31476647,1
7.258552,1
3.4600186,1
4.522361,1
2.5454707,1
4.4375515,1
4.526626,1
1.8015167,1
5.203692,1
2.4000807,1
3.6982093,1
3.408834,1
2.9936771,1
2.237177,1
7.659339,1
3.2897222,1
3.454142,1
3.9726114,1
4.593806,1
4.6526766,1
0.23646529,1
2.718445,1
3.6628869,1
-0.16083844,1
4.3743477,1
3.1481948,1
4.687361,1
4.379185,1
5.103913,1
2.9620485,1
0.24635205,1
2.3559148,1
2.2453053,1
3.1310961,1
-0.24039385,1
1.140121,1
5.120038,1
3.235894,1
4.0917935,1
0.28108135,1
4.3322144,1
3.11606,1
2.1886537,1
2.1416352,1
7.4321165,1
3.7562733,1
-1.0004187,1
3.8578932,1
2.9079344,1
2.2135577,1
3.4322863,1
1.7969584,1
2.1919045,1
2.6921194,1
0.9446394,1
-0.7136657,1
4.979332,1
6.078544,1
6.742328,1
8.52209,1
4.1302867,1
-0.4650843,1
10.439006,1
3.7106338,1
3.532787,1
6.4317527,1
-0.20225535,1
-2.1399074,1
2.0560737,1
3.2918065,1
3.7454426,1
7.490029,1
3.0548337,1
2.3408146,1
3.272252,1
1.3643953,1
0.80744827,1
3.7599702,1
-0.26096186,1
1.7123452,1
9.359817,1
4.9881315,1
3.5650022,1
-0.336048,1
2.165156,1
3.1868458,1
3.8471913,1
9.827764,1
6.2514434,1
2.5151143,1
3.176679,1
5.5456467,1
2.985012,1
2.9432468,1
5.5783434,1
3.0107753,1
3.4254622,1
4.6006637,1
3.6713111,1
3.2443492,1
5.523175,1
1.9642879,1
3.9132407,1
-2.635418,1
4.9186044,1
5.225725,1
1.9954622,1
0.34912825,1
2.5337281,1
2.6667364,1
3.5762613,1
5.705256,1
4.246371,1
5.6365705,1
3.8378193,1
4.188294,1
3.0078146,1
2.9997761,1
2.4212105,1
3.4934382,1
4.2378464,1
2.25309,1
2.0965521,1
4.0862155,1
9.271177,1
2.8507779,1
0.13072746,1
2.2436948,1
2.8938873,1
3.1688054,1
-2.1089547,1
2.9144385,1
2.1269267,1
1.7887073,1
3.7985117,1
3.3129323,1
6.1898155,1
3.3520527,1
3.402277,1
7.0884967,1
2.9962227,1
6.569851,1
3.3498945,1
-1.7398868,1
2.123593,1
3.146599,1
7.4181,1
1.419546,1
1.7186968,1
8.414014,1
2.6390915,1
5.855103,1
12.546093,1
4.153509,1
2.0493925,1
2.9259083,1
3.2793715,1
7.271993,1
0.5462405,1
3.5482614,1
2.3678617,1
8.635911,1
5.2686934,1
5.2443204,1
2.3274949,1
2.8361502,1
-0.102392815,1
8.366186,1
2.7648802,1
3.9014816,1
3.5211005,1
2.990125,1
0.59163964,1
4.7543087,1
3.2351956,1
2.4786153,1
2.891207,1
3.3580484,1
-2.192378,1
1.4157183,1
-0.36694634,1
5.395127,1
5.2591143,1
3.6185372,1
-0.6699594,1
1.9157556,1
3.0626752,1
0.44851705,1
4.6395016,1
-2.010431,1
2.9416506,1
4.794814,1
2.9165535,1
0.75471157,1
8.532568,1
2.9818633,1
2.3418205,1
7.1573534,1
4.2591686,1
2.6137989,1
3.5643182,1
0.2260908,1
4.842976,1
2.0098968,1
2.4642296,1
6.4293647,1
2.2304,1
0.13150163,1
3.2021534,1
1.640513,1
-1.2969056,1
0.47844675,1
4.6130896,1
2.311154,1
8.440893,1
2.8795083,1
9.356451,1
6.2001243,1
-1.1886208,1
3.30968,1
7.3002963,1
3.4458222,1
2.3660889,1
4.282642,1
2.6898904,1
3.890106,1
3.7070036,1
-0.38112846,1
3.0404902,1
3.808957,1
5.699671,1
3.2129965,1
0.49319392,1
0.23277576,1
0.03460781,1
0.9739836,1
4.234007,1
0.07408319,1
2.215991,1
5.2367606,1
0.55633825,1
2.7785726,1
3.0994868,1
2.527602,1
0.7953512,1
0.34779802,1
-0.49395058,1
3.7128673,1
3.5531738,1
1.5392245,1
5.0283957,1
2.200965,1
2.52666,1
2.5569272,1
3.0632129,1
7.2246346,1
1.878738,1
4.5724688,1
5.0876184,1
1.6723975,1
3.3778484,1
-1.6609799,1
-1.1776434,1
3.1319919,1
2.4454076,1
2.9687197,1
1.7027683,1
1.2740974,1
1.9808607,1
1.2402217,1
6.824721,1
3.600931,1
3.6292346,1
3.5783417,1
3.108856,1
4.277393,1
4.947764,1
3.3336697,1
5.4977117,1
0.7407648,1
7.1530495,1
5.928894,1
3.168524,1
4.6439934,1
4.574915,1
2.58409,1
2.804447,1
2.9294624,1
-0.043212794,1
3.8133388,1
2.0808225,1
3.021943,1
7.2108436,1
2.166522,1
3.4358246,1
3.7477527,1
2.1632721,1
3.3592749,1
2.9136677,1
3.482455,1
2.866283,1
0.89373046,1
3.8218172,1
3.12683,1
3.6384592,1
2.6703413,1
0.100249596,1
4.2346425,1
4.3983245,1
2.786838,1
3.486253,1
2.7532423,1
2.4834836,1
3.9474635,1
7.4162154,1
0.4187174,1
2.407329,1
4.660867,1
4.024549,1
4.347792,1
3.8048496,1
3.3235369,1
5.7522597,1
0.3367722,1
3.1960354,1
3.4731221,1
2.5430937,1
3.2203574,1
3.4982975,1
3.243795,1
4.432092,1
3.4123502,1
2.220961,1
4.8404207,1
4.271144,1
3.1228085,1
-1.0187732,1
0.16029085,1
3.3946898,1
4.1067595,1
2.9191709,1
2.2150588,1
4.392487,1
3.2656124,1
1.6883502,1
5.0318418,1
7.123708,1
2.9286397,1
3.4577117,1
2.7199388,1
6.2491927,1
-0.1668854,1
1.1954267,1
2.4766872,1
0.1961525,1
4.3120217,1
1.9111243,1
2.3993955,1
5.3331065,1
4.947439,1
5.6360974,1
3.2652826,1
2.3741317,1
7.362637,1
4.6728544,1
0.092087515,1
3.1738338,1
4.3326964,1
-1.2670716,1
3.1648262,1
2.8258734,1
2.908644,1
3.3851464,1
1.1597749,1
8.859103,1
3.987008,1
2.4642584,1
6.245069,1
0.94958854,1
0.114077166,1
3.8239453,1
1.5570828,1
-0.39621115,1
3.4980779,1
2.15389,1
4.2451215,1
4.3902926,1
3.6798513,1
2.334451,1
2.5930514,1
0.034978557,1
-1.0307318,1
10.890961,1
7.033351,1
2.7053976,1
3.099917,1
2.9517822,1
3.133662,1
3.2492,1
-0.59156203,1
3.027884,1
4.2880254,1
2.9631681,1
0.97452235,1
0.24392772,1
8.600088,1
3.4392765,1
2.477087,1
2.7086933,1
1.3496715,1
2.9334307,1
3.1605828,1
9.414564,1
5.7045817,1
3.1132362,1
3.7071161,1
2.5570705,1
-0.50864,1
0.44437078,1
4.5760975,1
5.205025,1
2.7562814,1
2.7481017,1
2.8994186,1
0.0881441,1
8.444609,1
2.260461,1
3.547955,1
3.4739454,1
3.6419384,1
5.160774,1
2.5447252,1
2.9419267,1
5.2553825,1
1.1381545,1
4.022125,1
2.4169228,1
-0.33806956,1
9.655854,1
3.5972347,1
6.429933,1
-0.7618522,1
3.0492086,1
4.5120077,1
2.617495,1
2.6351607,1
5.850677,1
2.934482,1
5.489698,1
6.005284,1
5.5068355,1
4.034716,1
6.581719,1
5.668552,1
3.2279997,1
3.4503803,1
4.688056,1
5.9656076,1
3.1286752,1
9.343264,1
4.8003225,1
3.9961352,1
3.2022092,1
3.1097133,1
6.3066525,1
1.2981958,1
3.4493494,1
2.8509953,1
3.5378811,1
-1.5059867,1
2.085919,1
4.3631277,1
3.1099484,1
4.535578,1
8.83005,1
2.7387857,1
4.6424403,1
0.45313057,1
7.3892565,1
2.629815,1
-0.7345028,1
0.22976092,1
2.5315003,1
5.2673078,1
4.4568105,1
2.3669803,1
4.563614,1
2.9180865,1
2.8563201,1
0.25358385,1
2.6427724,1
6.017895,1
4.055151,1
3.2020304,1
3.5856433,1
3.1070051,1
3.1806748,1
10.3061075,1
8.621958,1
0.67464536,1
-0.4034367,1
2.2702706,1
0.38827518,1
3.9202497,1
0.40505415,1
1.8470798,1
1.1422395,1
3.5526571,1
2.9952672,1
4.2829876,1
4.111783,1
9.354927,1
2.416079,1
2.9321644,1
3.0734048,1
4.2259808,1
0.122087285,1
2.8066883,1
3.8959012,1
2.8969717,1
3.8189058,1
4.272016,1
3.7399647,1
2.8509252,1
3.1381137,1
4.167476,1
2.503627,1
0.27830413,1
3.4991405,1
5.6452084,1
4.2923894,1
3.1552727,1
2.7675796,1
-0.35282898,1
3.1015925,1
-0.75892717,1
4.5506697,1
3.9665003,1
3.336901,1
3.700443,1
4.2215567,1
1.1438115,1
0.54458135,1
4.212719,1
2.9809413,1
4.6093597,1
0.55699944,1
5.6192183,1
5.865564,1
-0.8197083,1
4.372317,1
6.455858,1
3.7721686,1
3.2952795,1
2.365958,1
2.8088267,1
7.1278844,1
7.795194,1
5.194091,1
3.338882,1
1.7587104,1
4.528763,1
4.102859,1
3.0554552,1
4.6798887,1
1.5406802,1
-1.1056625,1
4.020179,1
2.9775453,1
0.045232765,1
-0.50480556,1
6.0409875,1
-1.345201,1
2.4804575,1
3.9723155,1
3.2196107,1
0.63837165,1
2.3650317,1
1.355379,1
1.5031685,1
1.278364,1
2.5761657,1
-0.96403337,1
2.250325,1
3.0941334,1
3.0457585,1
3.2604413,1
0.29277834,1
2.3880832,1
6.1568575,1
3.3355823,1
1.6723398,1
9.906057,1
5.6682553,1
2.3222337,1
2.9793985,1
0.5481157,1
2.442762,1
5.604562,1
3.507207,1
2.8813508,1
3.3996396,1
5.962603,1
2.5093749,1
2.1080391,1
6.092994,1
3.3873525,1
-1.1964608,1
0.7045016,1
-0.841658,1
6.4846816,1
3.6537454,1
2.3804953,1
1.1253691,1
3.3890424,1
2.7852066,1
4.231259,1
2.3547313,1
7.5586624,1
3.6083767,1
-0.19333366,1
4.015215,1
4.1960554,1
3.2584229,1
5.391396,1
3.3540647,1
5.119373,1
3.7969832,1
3.1321566,1
2.5951564,1
3.2695394,1
2.8274214,1
-0.507191,1
2.4755256,1
3.1466515,1
0.89201385,1
3.5089517,1
7.3469267,1
3.7498107,1
4.0543995,1
-0.98791623,1
2.5122263,1
2.7143402,1
3.913231,1
0.23332232,1
4.6714077,1
5.8780317,1
5.934718,1
7.324817,1
2.2940636,1
2.7946525,1
3.6657412,1
6.028766,1
3.5740538,1
7.701246,1
-0.043195724,1
2.098039,1
1.6922748,1
5.19147,1
5.576121,1
2.4323404,1
7.5890613,1
0.7054594,1
3.731435,1
3.1369252,1
4.034716,1
4.672979,1
2.8180397,1
4.3825445,1
3.4283483,1
-0.56013244,1
3.0940645,1
3.4185882,1
3.6595256,1
0.09540143,1
3.1503778,1
2.574698,1
4.291471,1
0.752321,1
3.2091713,1
7.295245,1
2.8808718,1
2.352974,1
-2.025489,1
2.9848616,1
4.460805,1
1.7930865,1
4.3935566,1
3.1887476,1
2.936395,1
1.0512406,1
5.4232254,1
2.1889775,1
2.669372,1
2.9874604,1
1.1919502,1
4.9034643,1
3.3573413,1
4.623599,1
3.6946645,1
3.185831,1
2.532505,1
3.0813808,1
0.13343225,1
2.5056574,1
-0.30798906,1
0.08596592,1
4.1731277,1
5.24538,1
0.4477057,1
6.993587,1
-0.7444092,1
2.2740996,1
1.3873819,1
3.1422224,1
-1.5053403,1
1.0215378,1
3.2059746,1
6.5745916,1
-1.9735436,1
4.23927,1
5.1871066,1
2.467887,1
1.8420444,1
3.4114785,1
3.6049917,1
3.2507296,1
2.2184324,1
-0.13396399,1
3.5820334,1
6.5110393,1
1.8458807,1
4.1209216,1
2.9477844,1
3.7315893,1
1.8448046,1
4.2657065,1
8.746661,1
2.8448112,1
-0.024174351,1
1.3480076,1
1.9765338,1
2.968097,1
4.1615267,1
3.8520062,1
3.3828487,1
3.6829078,1
5.789435,1
3.8637629,1
2.736661,1
3.633842,1
3.3310485,1
3.3172348,1
5.3544126,1
0.39261478,1
2.461357,1
6.4239135,1
0.09566861,1
7.4822693,1
3.1246834,1
2.8040495,1
3.5269547,1
2.759358,1
0.9015995,1
4.7859097,1
4.763381,1
2.2428317,1
2.7821722,1
2.4976573,1
2.8243654,1
4.0440454,1
4.4956346,1
2.1805928,1
3.0813808,1
1.4407349,1
1.779399,1
3.0894158,1
2.9872613,1
4.1575956,1
3.3155184,1
0.28004625,0
-0.4025717,0
-0.94158334,0
0.5489059,0
0.6680422,0
1.0756792,0
-0.8855699,0
0.72330374,0
-0.2661377,0
-1.6840467,0
0.5335085,0
-0.19816114,0
-0.12964961,0
-0.25777516,0
-0.7804315,0
-0.67771345,0
-0.8350496,0
-1.0740445,0
1.245512,0
0.768846,0
-1.0598322,0
0.06820625,0
-0.94476134,0
0.70465404,0
1.4002838,0
0.78105384,0
1.1825104,0
0.2759609,0
-0.08666769,0
0.6620925,0
1.3072298,0
-0.34645492,0
0.8073145,0
0.38065925,0
-1.041779,0
-0.04099216,0
-0.6645381,0
-0.7770314,0
0.24948315,0
0.7966613,0
-0.85130143,0
-0.9176212,0
0.9917111,0
-0.31880972,0
-1.4247001,0
-0.5934493,0
-0.20728628,0
-0.482795,0
-0.08884819,0
0.040602166,0
1.4919043,0
0.94559425,0
0.5146703,0
0.015740693,0
-0.04125247,0
-0.4115038,0
-0.49412334,0
-0.7131089,0
0.2794982,0
-1.5832362,0
-0.078316055,0
-1.2702596,0
0.25637704,0
-0.32055372,0
0.38454247,0
-0.013235028,0
0.893741,0
0.88645786,0
-0.36704117,0
-1.2962737,0
-0.009732993,0
0.49521402,0
0.57350934,0
-0.81637365,0
-1.3106046,0
0.7695895,0
-0.8923657,0
1.1030488,0
-0.49414942,0
-1.1174313,0
1.2110449,0
-0.3833528,0
-0.7653941,0
-0.50870514,0
0.412847,0
0.004959022,0
1.1697605,0
-0.03414009,0
-0.39733502,0
-0.13492754,0
1.648501,0
-0.19323003,0
0.5258303,0
-0.76164716,0
-0.37111717,0
0.54243726,0
-1.0050412,0
1.7052808,0
0.36797893,0
1.0022846,0
0.35706285,0
0.19457555,0
-0.85483354,0
-0.28952017,0
0.7725412,0
-1.7805519,0
0.25373843,0
0.18099262,0
-0.14338936,0
1.435835,0
1.1865902,0
-0.9354733,0
0.6720274,0
0.8559857,0
-0.2588957,0
-0.5976802,0
-0.72302234,0
-0.3811712,0
1.0446153,0
1.1116393,0
-0.48780128,0
-0.5680836,0
-0.6532448,0
0.15033735,0
0.7729162,0
-0.24846458,0
0.64341366,0
-0.073158115,0
1.063836,0
-0.33394164,0
0.34893477,0
1.5003374,0
-0.4124892,0
-0.17235793,0
0.25786752,0
0.7212437,0
-0.787451,0
0.54702294,0
-0.47861096,0
0.40808168,0
0.24050963,0
0.09564045,0
-0.23031263,0
0.93102473,0
-0.3063588,0
0.0667112,0
0.96997553,0
1.0081741,0
-0.10392009,0
-0.10082707,0
-1.9593042,0
-1.6288794,0
-0.9937467,0
1.3172816,0
1.7037028,0
0.4088809,0
1.4972613,0
-0.07844404,0
-0.40484264,0
-0.82283795,0
-1.5664276,0
-0.46521032,0
0.6983525,0
0.4717515,0
0.059090517,0
1.2823684,0
0.5103092,0
0.8145881,0
1.3955293,0
0.8399973,0
1.4089689,0
1.1890656,0
-0.1005566,0
-0.7785609,0
0.8036509,0
0.52659494,0
0.31787544,0
1.2224065,0
-0.6018323,0
-1.0558771,0
1.7679439,0
-1.7943724,0
-0.2588282,0
1.4116035,0
0.12870295,0
-0.8184741,0
-1.0744529,0
0.17952469,0
0.2884204,0
-0.008924773,0
-1.2125895,0
-0.30704883,0
1.6262355,0
-0.20064703,0
-0.15607785,0
-0.1105974,0
0.9156019,0
-1.0026277,0
-0.8808577,0
0.49268764,0
-0.060261983,0
0.53874004,0
0.5082058,0
-0.3472079,0
1.0638105,0
-0.3971645,0
0.9706533,0
-1.0576456,0
-0.75101125,0
1.0491271,0
-0.026302878,0
-0.7274566,0
-1.2308985,0
-0.9505898,0
0.25812593,0
-0.12982213,0
-1.0192999,0
0.23091938,0
0.81197983,0
1.6010925,0
0.098723136,0
0.20591849,0
1.0082659,0
0.7444273,0
1.291058,0
1.7652723,0
0.035090286,0
0.5205012,0
0.45194283,0
0.39299434,0
-0.9809266,0
-0.7070004,0
1.172268,0
0.36777577,0
0.0056002378,0
-0.6797656,0
-0.33605313,0
0.38021556,0
1.0386301,0
0.3999567,0
0.7332169,0
0.68360883,0
1.9276475,0
0.76495343,0
0.5423753,0
-0.8247934,0
-0.28470194,0
-0.03565088,0
0.8734553,0
-0.86721766,0
-1.1539091,0
0.742575,0
1.7662863,0
-0.5738729,0
-0.98383075,0
-1.0053145,0
1.36202,0
0.8677024,0
-1.0584004,0
0.1900842,0
1.2733451,0
-0.06535417,0
0.3462089,0
0.046755437,0
1.1911124,0
-1.1523525,0
-0.24304686,0
-1.0552499,0
1.1962271,0
-0.83689123,0
0.24509089,0
0.09865305,0
0.40721446,0
-0.8133061,0
-0.14706698,0
1.439622,0
1.5585046,0
1.036202,0
-0.11766782,0
0.41358325,0
0.1586607,0
-1.0957557,0
-1.0120739,0
0.92133445,0
1.535484,0
0.13526338,0
-0.55141276,0
-1.9123068,0
-1.2183769,0
1.5427122,0
1.7084448,0
-0.050654832,0
-1.3400577,0
-0.9723261,0
1.4737227,0
-0.5962661,0
0.06619589,0
0.610849,0
-1.1408614,0
-0.8967283,0
-0.49881598,0
0.5586237,0
0.33729443,0
-0.6189501,0
-0.24919695,0
-0.84292066,0
0.92618364,0
-0.26261955,0
-0.07866468,0
0.41649523,0
-0.5667901,0
0.52402616,0
-0.03117883,0
-0.27851602,0
-0.031644594,0
-0.85607165,0
-0.17078745,0
-0.21376732,0
-0.6462104,0
-0.46247658,0
-0.0022204437,0
0.8177063,0
0.5583027,0
0.8993915,0
1.7460804,0
-1.5319409,0
-1.3747784,0
-0.5062251,0
-1.0687203,0
0.808208,0
0.518166,0
-0.8037904,0
0.07497561,0
-0.43577942,0
1.0281339,0
-0.37690806,0
-0.32016033,0
-1.5443901,0
-1.0672683,0
-1.3315381,0
0.35909647,0
0.16626056,0
-0.75518745,0
-0.42241335,0
0.24400729,0
-0.22432654,0
0.7007001,0
-0.39989355,0
-0.09704111,0
-0.12987243,0
-0.023556245,0
0.022806726,0
0.2243735,0
-0.08518015,0
-0.23342125,0
0.7512945,0
-0.8613685,0
0.78326637,0
0.36623338,0
0.57500523,0
-1.8277572,0
-0.14048564,0
-0.34554178,0
0.70007765,0
-0.029473133,0
-0.058661193,0
0.3441395,0
-1.1310738,0
-1.5271704,0
1.0428952,0
-0.12857169,0
-1.6258591,0
-0.52694654,0
0.6022244,0
-1.2149496,0
-0.7679225,0
1.121557,0
0.07586208,0
-1.1132103,0
-0.42972767,0
-0.9965247,0
0.82408893,0
-0.69396055,0
-1.4709731,0
0.27858615,0
0.6117704,0
-0.66289103,0
-0.85467875,0
0.6756988,0
0.4862288,0
0.23473717,0
-0.050247364,0
-0.11426045,0
0.47024778,0
1.4843462,0
0.46887502,0
-1.2258488,0
0.31564662,0
-0.34493053,0
-0.17752911,0
1.9598155,0
-0.3096489,0
0.083614595,0
-0.7260313,0
-0.60845286,0
1.5684288,0
1.3381176,0
-0.041241124,0
-1.7028084,0
1.1047823,0
0.6580515,0
0.2589935,0
-1.2426907,0
1.0161453,0
0.52817357,0
1.8040767,0
-1.0508084,0
0.43697086,0
0.67455757,0
0.33686265,0
-0.6863854,0
0.80628186,0
0.037883397,0
-0.20106518,0
0.3441351,0
-0.98821425,0
-0.29516366,0
-1.0052757,0
1.2008731,0
-0.78703237,0
0.18602255,0
0.00071512244,0
-0.43110672,0
0.32151753,0
0.5512909,0
0.5287112,0
-0.6853867,0
0.0927612,0
-0.7271865,0
-0.7668954,0
-1.6619568,0
0.95520806,0
0.6311053,0
-0.3744269,0
0.6923737,0
0.39336148,0
-0.6346445,0
1.3159244,0
-1.3755678,0
-0.7685946,0
0.9030968,0
1.1809624,0
1.0395094,0
-0.41575047,0
-0.60589075,0
-0.06336835,0
-0.2996502,0
-1.080903,0
-1.2861543,0
1.0230685,0
-0.14027408,0
0.5273859,0
-0.37497947,0
-1.5415648,0
0.5164017,0
-0.077148974,0
-1.3164312,0
-1.3112533,0
0.9971889,0
0.7834955,0
0.31236383,0
-0.5937138,0
0.5552276,0
0.7754186,0
0.17398232,0
-0.5446018,0
-0.59425473,0
-0.17494258,0
-1.2900223,0
1.092864,0
1.091125,0
-0.37037623,0
-0.6168815,0
-0.5597239,0
-0.32312864,0
-0.924208,0
-0.06824635,0
0.70235515,0
0.6144248,0
-0.11554504,0
0.6326032,0
0.26387417,0
0.22735551,0
-0.42112646,0
-1.3281717,0
-0.5745373,0
-2.3113673,0
-0.16815561,0
-2.2791858,0
1.1723895,0
-0.3308164,0
-0.27577347,0
-1.2242253,0
-1.679319,0
-0.7503327,0
-0.20742653,0
1.2958853,0
-1.56511,0
0.81251913,0
-0.4949348,0
1.7673649,0
0.80691135,0
-0.08015743,0
-0.5070255,0
0.13408332,0
-0.53040355,0
-0.074702375,0
0.7938476,0
-0.38255665,0
1.1819038,0
0.3001085,0
-0.62265724,0
-1.9038838,0
0.95040715,0
0.23397692,0
1.2776595,0
-0.002543083,0
-0.21908125,0
-0.3107137,0
0.3486062,0
0.41678295,0
0.37092796,0
1.5550191,0
-0.14911295,0
-1.2327971,0
-0.011129378,0
0.8378004,0
0.28167927,0
0.20892905,0
-0.14947577,0
1.5251544,0
1.296453,0
1.6357096,0
-0.075666256,0
-0.05923805,0
-0.43277046,0
0.032063693,0
0.15919761,0
-0.32250208,0
-0.7366682,0
-0.89898986,0
0.13118534,0
-0.39314583,0
-0.5616166,0
-0.66683024,0
-0.40275964,0
-0.2535102,0
0.04179252,0
-0.7182345,0
-0.6013769,0
0.62873924,0
-0.45245245,0
0.027783798,0
-0.1386271,0
0.6452668,0
2.1698058,0
-1.0108674,0
0.39102945,0
-0.20323916,0
-0.034895595,0
0.40090713,0
0.91393405,0
-0.26762295,0
0.2672125,0
-1.2010498,0
-0.6218566,0
1.2076241,0
0.7416745,0
-1.6641071,0
-1.4165403,0
-0.32803854,0
0.627763,0
-0.069396846,0
0.018335894,0
-0.0034005262,0
-0.9720854,0
-0.35135767,0
1.6078918,0
0.50283545,0
0.031860083,0
0.39491266,0
-0.11167673,0
-1.1938382,0
0.35881016,0
-0.0862866,0
0.0879479,0
1.0384423,0
-1.796353,0
1.1600715,0
-3.1004095,0
0.9881342,0
1.1666234,0
1.2646595,0
0.1358696,0
0.56424904,0
-1.0078145,0
0.55348057,0
0.9613578,0
-1.5604017,0
-0.046099357,0
0.34130913,0
-1.0691373,0
0.1985415,0
-0.034042515,0
0.33945414,0
-0.5385476,0
-0.6755552,0
-0.9434335,0
-0.45384642,0
1.1054764,0
-1.2140137,0
-1.2329162,0
1.572228,0
-0.2943659,0
2.1905515,0
-0.05549875,0
0.47127426,0
-0.33843037,0
0.09514365,0
0.13202931,0
-0.8046379,0
0.19145015,0
0.9892798,0
0.538712,0
-0.24373783,0
-0.55461514,0
-1.497982,0
1.0606638,0
-0.30094925,0
1.6007689,0
0.66305137,0
0.19276309,0
0.47782657,0
-0.5756661,0
-0.42433557,0
-1.4023725,0
-0.14441752,0
-1.7569386,0
0.23646918,0
-0.75892186,0
1.6881127,0
1.3376131,0
-0.13978729,0
0.3200801,0
1.5273166,0
0.58092326,0
-0.18935086,0
-0.11546783,0
0.37908188,0
-0.59633315,0
-0.25117248,0
0.47856483,0
-0.34136567,0
-0.770063,0
-0.45380014,0
-0.7447567,0
-0.27420467,0
0.29174036,0
-0.30445698,0
-1.4222897,0
-0.38208628,0
1.3589807,0
0.15135857,0
-0.29042646,0
-1.096684,0
-0.4512432,0
-1.7365861,0
-0.7013089,0
0.5960296,0
-1.4666055,0
0.07645798,0
-1.012168,0
1.2047076,0
-0.6745322,0
0.82906026,0
0.3919568,0
0.72363234,0
-1.2146249,0
-1.6257463,0
0.15608029,0
-0.8788918,0
-1.8672416,0
-0.57835865,0
0.65182316,0
0.309426,0
-1.2210472,0
0.10257652,0
0.62043,0
-1.5830482,0
0.36769092,0
-1.7254221,0
-1.4260411,0
-1.6041762,0
1.1621262,0
-0.11574006,0
1.4093869,0
-0.99003464,0
-1.6301761,0
0.32137832,0
1.1738883,0
-0.32542986,0
0.09889329,0
1.3172225,0
-1.0254469,0
-0.29593346,0
-0.057500433,0
0.947512,0
-0.43810174,0
-0.4201922,0
-0.9280169,0
0.17245294,0
-0.04314185,0
0.17291276,0
0.52586895,0
2.160181,0
1.092877,0
-0.15300193,0
-0.020358378,0
0.8344737,0
-0.4900791,0
0.5202391,0
0.036045443,0
-0.30242974,0
1.3234212,0
0.1983473,0
-0.69492584,0
0.8526315,0
-0.8596123,0
-0.6746258,0
0.08604463,0
-0.4801876,0
0.89220494,0
-1.2062229,0
0.075761184,0
0.39602306,0
-0.13331202,0
1.3059287,0
0.6808255,0
-0.60822636,0
-0.5902006,0
-1.0140806,0
0.8483365,0
0.1047136,0
0.10215829,0
-0.05279952,0
0.78843117,0
1.6658437,0
-0.99242574,0
1.2602532,0
-0.17923152,0
0.037147317,0
0.52503586,0
0.8873839,0
-1.2651825,0
0.16147819,0
-0.42059565,0
0.3232502,0
0.3141014,0
0.7819145,0
-0.54105693,0
-1.0559198,0
0.099519454,0
1.7358583,0
-0.24351582,0
-0.79386866,0
1.2335855,0
0.3807886,0
0.36210674,0
-0.38640657,0
-1.1879145,0
-0.15461168,0
2.2505002,0
0.92627716,0
-0.45671263,0
-0.67135566,0
0.96349466,0
-0.2518591,0
0.24286799,0
0.6397977,0
1.5804895,0
0.43859008,0
0.5252549,0
-0.11235695,0
-0.20630962,0
0.841708,0
-0.3486784,0
-1.5412563,0
0.57032186,0
-1.3996806,0
0.8642229,0
1.3586485,0
0.8776937,0
-0.6965887,0
-0.65086174,0
1.0371797,0
0.516453,0
-0.35687906,0
-0.5867889,0
-1.2196914,0
0.46286568,0
1.2662588,0
0.60051703,0
1.320692,0
0.15755464,0
-1.0844141,0
0.60046375,0
-0.9237617,0
-0.24239957,0
-0.5646175,0
-0.4741565,0
-1.3089612,0
-1.0337547,0
-1.4816574,0
1.4005154,0
0.8705293,0
0.10081261,0
-0.4602729,0
0.024716299,0
0.3446279,0
1.0732056,0
-0.5760195,0
1.0960982,0
-1.8815389,0
0.23959887,0
1.0964522,0
-1.4203608,0
0.405515,0
-0.27587095,0
-0.54754484,0
-0.25932235,0
-0.26722807,0
-0.12924975,0
0.39673346,0
-0.7245395,0
-1.3646609,0
1.6226133,0
0.50631654,0
0.28143224,0
0.6471747,0
0.09962326,0
0.6076223,0
-1.9985691,0
-0.03108996,0
0.5769333,0
1.9270767,0
-0.16759801,0
-0.78213567,0
0.16886257,0
2.1873772,0
-0.18263122,0
0.9679069,0
-0.21526833,0
0.7548688,0
0.43462294,0
-0.01578985,0
-0.09511851,0
-0.4091613,0
-0.4472564,0
-1.2991949,0
0.35555387,0
-1.1667857,0
0.2888157,0
0.5175217,0
0.0035280546,0
-0.5076562,0
-1.6278262,0
-0.18091378,0
0.7206264,0
-0.07554987,0
0.23254012,0
0.06269439,0
0.9286367,0
0.7809625,0
0.30399352,0
-2.2093258,0
-0.8882717,0
-0.12278666,0
1.0760957,0
1.458439,0
-1.2451421,0
1.1914954,0
-0.48992184,0
-0.06816255,0
2.0235586,0
-0.6916525,0
0.47482908,0
1.5710211,0
0.71666205,0
-0.27747416,0
1.2130294,0
-1.3208498,0
0.8969183,0
0.86015654,0
1.0972944,0
-1.6449057,0
-0.3159829,0
0.48035473,0
-0.34266293,0
-1.0810192,0
0.22910184,0
-0.1386937,0
1.0941967,0
1.063027,0
-1.1116695,0
1.5510426,0
-0.6723847,0
0.09721783,0
0.06672708,0
-1.0870655,0
0.21309726,0
-0.7004022,0
0.46677867,0
0.30370256,0
0.8557919,0
-0.7574359,0
0.67601275,0
0.1718748,0
0.92901057,0
-1.4180683,0
-0.35355768,0
0.6731507,0
0.17993905,0
-0.4036816,0
0.9057824,0
-1.502376,0
0.061958015,0
-0.33257136,0
1.4355783,0
-0.41485974,0
-0.9720817,0
-1.6420137,0
1.1366332,0
-0.5875022,0
-0.18825126,0
1.0246555,0
0.80556744,0
-0.122736864,0
-0.6616324,0
0.50370675,0
0.57222205,0
0.20186941,0
-1.1512343,0
-0.32322672,0
1.3662347,0
0.0040783547,0
-1.0510204,0
0.39280552,0
-0.9407435,0
1.2279674,0
-0.8765346,0
-1.2103987,0
0.10527165,0
0.24304762,0
0.22033294,0
1.2705894,0
-1.3070339,0
-0.2902385,0
-0.19534473,0
-0.4619099,0
1.5230131,0
0.56170666,0
-0.51865035,0
0.3275632,0
0.13539486,0
1.6314915,0
-0.9968944,0
0.3056146,0
0.3724151,0
0.42031574,0
-0.397158,0
-0.94736797,0
0.81660646,0
-0.0893327,0
-0.053347174,0
-0.02119649,0
0.09396396,0
-0.3132331,0
0.8699697,0
-1.2065045,0
1.5301837,0
0.107284635,0
-0.93133235,0
2.0950854,0
-1.0140806,0
0.3484023,0
-0.4557901,0
0.59051853,0
-0.62773234,0
-0.5337989,0
0.5214486,0
-0.54847383,0
0.011379547,0
0.8902996,0
-0.06710595,0
-0.19987482,0
-0.4215028,0
0.3882041,0
-0.32806677,0
-0.78422457,0
1.337424,0
-0.60775316,0
-1.0321306,0
-0.4669559,0
0.60979074,0
1.3746208,0
-0.0912038,0
-0.8719845,0
0.627763,0
-1.5701733,0
1.7085649,0
0.6680422,0
-0.90301645,0
-1.1219921,0
1.1009328,0
-0.44904727,0
0.25423387,0
0.22866723,0
1.4937795,0
0.93392926,0
-0.08519212,0
3.7681851,0
-0.024785867,0
0.12525655,0
-0.8607463,0
-0.5853717,0
-0.43301484,0
0.10507176,0
-0.37889606,0
-0.8374171,0
0.4407395,0
0.38431677,0
-0.36831927,0
0.101720795,0
-1.3451887,0
-0.9338008,0
-0.91540474,0
0.9635611,0
-0.9479235,0
0.49933314,0
-0.45661724,0
-1.1757681,0
0.9374568,0
0.9723572,0
-0.70970815,0
0.30704415,0
0.7919123,0
1.3372769,0
-1.5650063,0
-0.07218118,0
0.41098768,0
-1.2341,0
0.8736471,0
0.6953856,0
0.0029700252,0
0.113160215,0
-1.3882164,0
-0.015194184,0
-0.30817106,0
0.17304967,0
-0.041000955,0
0.2535335,0
0.29148203,0
0.33103502,0
1.3394866,0
-1.1102053,0
0.64485246,0
0.26049054,0
-0.19824047,0
0.37398648,0
0.36690518,0
-0.5960419,0
-1.105228,0
1.4064287,0
0.8561092,0
-1.7461945,0
0.20268625,0
-1.1414196,0
-0.36667314,0
1.2453978,0
-0.27343863,0
0.6966833,0
-0.8239818,0
-1.4551715,0
1.1391534,0
0.77390915,0
-1.2203089,0
-1.4216743,0
-0.5513847,0
-1.0744835,0
-1.695819,0
-1.7302345,0
0.5491883,0
0.93391484,0
-1.2654537,0
0.18090847,0
0.759467,0
0.7241023,0
-1.3641201,0
-0.39472258,0
0.075420536,0
0.37788424,0
-0.09702746,0
0.07356903,0
0.36623338,0
1.2626436,0
-0.33103314,0
0.93368804,0
-0.28197503,0
-0.41510335,0
-0.55476403,0
0.23790458,0
1.1944108,0
0.6761496,0
-1.0048612,0
-1.0672579,0
-1.2845038,0
0.15910019,0
0.14219752,0
0.62555987,0
-0.5762088,0
-1.292646,0
0.57000965,0
1.0371797,0
0.06808892,0
-0.22765651,0
0.27514446,0
0.5199535,0
0.44384497,0
0.87070787,0
-0.5791122,0
1.4557298,0
0.69900435,0
0.2900366,0
-0.6735902,0
0.8230528,0
0.47952852,0
-0.13428263,0
-1.3873763,0
-0.06010827,0
0.52988577,0
-0.7908829,0
-0.07153192,0
-1.3773636,0
0.5404058,0
-0.42023674,0
1.2210872,0
0.7119441,0
-0.2828611,0
0.47183213,0
0.3092473,0
-0.3884398,0
0.7840513,0
1.0589021,0
0.47004905,0
-0.6672808,0
-0.40118495,0
1.2819195,0
-0.99096966,0
-0.75770086,0
0.56704676,0
-0.43542105,0
-0.8866667,0
-0.2582369,0
0.29370275,0
-0.6301838,0
-0.707007,0
-0.6880335,0
0.0028288262,0
-0.24062541,0
-0.5261917,0
0.589071,0
0.41929904,0
-0.35913345,0
1.6374713,0
-0.42844966,0
-0.33394164,0
-0.93162364,0
-0.99798805,0
0.39158186,0
-0.25948817,0
0.2739738,0
-0.6795837,0
-0.8193053,0
-1.1709967,0
0.17886506,0
0.29866773,0
0.56697696,0
-1.5372422,0
1.2995161,0
0.7550676,0
1.3964647,0
0.8137323,0
-0.05493758,0
0.20982687,0
0.21608898,0
-1.163387,0
0.121067576,0
0.18575922,0
0.20789076,0
-0.11578736,0
0.78532517,0
0.39602935,0
-0.41510335,0
-0.38146225,0
0.11030325,0
-0.2967408,0
2.3104064,0
2.8547492,0
0.6938308,0
-1.3722855,0
0.7521106,0
1.0070072,0
0.32954937,0
-1.253813,0
0.28121492,0
-0.6380669,0
0.82730633,0
0.9210068,0
-0.30518636,0
0.07918237,0
-0.19987482,0
0.36708948,0
-0.1392198,0
0.36974218,0
0.39662516,0
1.6346719,0
0.97766435,0
0.50763464,0
0.7083286,0
-0.11760006,0
-1.0065432,0
0.06724377,0
-0.8940327,0
-1.5364972,0
0.9471662,0
-1.2762594,0
-0.49240968,0
0.3992802,0
1.1723895,0
-0.05532243,0
0.010518125,0
-0.335403,0
-1.2316604,0
-0.6160508,0
0.20665437,0
-0.13800752,0
-1.3647647,0
1.0899782,0
0.9479484,0
0.7582583,0
-0.43763807,0
1.0683237,0
-1.2211697,0
0.6348481,0
-0.7958967,0
1.3754411,0
0.6133107,0
0.6599393,0
-0.12924975,0
-0.27830887,0
-0.8813101,0
-0.2765006,0
0.5967148,0
0.1616917,0
-0.3862565,0
-0.93615496,0
0.2824597,0
0.21364708,0
0.60949236,0
0.061371095,0
-1.2098397,0
-0.042104695,0
0.21080899,0
-0.6256322,0
-0.1720216,0
-0.4573777,0
-1.9385885,0
1.3054453,0
-0.8599928,0
0.42587,0
-0.22996195,0
-1.1924232,0
0.5655438,0
-0.30439833,0
-1.2378389,0
-0.24168013,0
0.03616832,0
0.023478275,0
-1.6241997,0
1.4277512,0
0.06586099,0
-0.32274246,0
-0.6134808,0
-0.15665434,0
0.0385877,0
0.22372995,0
-0.19570188,0
-0.6366693,0
-1.4420469,0
-0.40820226,0
-0.79293513,0
-1.551191,0
0.4526901,0
0.21628137,0
-0.0054048738,0
0.09797333,0
0.041868772,0
-0.34064335,0
0.9855736,0
-1.6878296,0
-0.057186272,0
-0.22660503,0
1.037886,0
0.031419057,0
-0.791681,0
-1.247073,0
0.49185947,0
-0.47673476,0
0.46272653,0
-1.028198,0
-0.1937491,0
0.3450799,0
0.79131675,0
0.80982065,0
0.13828616,0
0.94668907,0
-0.65525496,0
0.12786138,0
0.0717863,0
-0.25784892,0
1.2409267,0
-0.015806973,0
-1.1094562,0
0.62809896,0
-0.2626933,0
-0.19948995,0
1.2519318,0
-0.30193552,0
0.59602845,0
0.78568697,0
0.14062394,0
0.19774012,0
-0.37226915,0
-0.09143332,0
-1.5334079,0
-0.98360467,0
0.48577374,0
-0.75873786,0
-0.41246617,0
-0.5270147,0
-0.061863128,0
0.5711332,0
0.933113,0
0.9379751,0
-1.5956535,0
-1.5627474,0
-0.24544229,0
0.81109273,0
-0.90240055,0
-0.4003909,0
-0.55117846,0
-0.18802336,0
0.44623092,0
-0.5804528,0
-0.116933204,0
-1.0310715,0
-0.24281974,0
0.8653033,0
0.0021555421,0
-1.0102262,0
-0.92812544,0
-0.13059062,0
0.8592183,0
0.4330423,0
-0.41438034,0
0.44904336,0
-1.2467332,0
-0.12750192,0
1.4020004,0
-0.97089666,0
0.17418616,0
0.7481628,0
-1.3797514,0
-0.64887565,0
0.42010674,0
-0.11892893,0
-0.6422899,0
0.13662867,0
-0.34266293,0
-1.2208381,0
0.9796945,0
1.0370007,0
0.07136812,0
-0.25143448,0
1.0569559,0
-0.28893623,0
0.2504591,0
1.1215783,0
-0.29785585,0
0.037623815,0
-0.4920461,0
-0.102411255,0
-0.8567964,0
0.3817453,0
-0.41435736,0
0.14322042,0
-1.6990881,0
0.7363416,0
-2.146088,0
0.4215304,0
0.89302945,0
-0.007883195,0
-0.14041024,0
-1.7544527,0
0.9133773,0
0.8491174,0
-1.7250038,0
-0.9870763,0
1.231233,0
0.36519566,0
-0.47540826,0
0.5520088,0
0.27008942,0
-0.68688613,0
-0.50384927,0
-0.6075976,0
0.28814793,0
0.10701661,0
-0.19233444,0
0.72462654,0
-0.34433544,0
-0.024967227,0
0.04207424,0
0.038429115,0
0.41647702,0
-0.85073304,0
-0.3557886,0
-1.2572235,0
0.36470664,0
1.8670133,0
-0.84592885,0
-0.09723966,0
0.07571233,0
0.31490266,0
0.8490921,0
0.5187292,0
-0.56447905,0
-0.6219971,0
0.0046293186,0
-1.2964642,0
0.6351,0
-0.8946783,0
0.45261756,0
0.8962101,0
0.34187874,0
-0.41080397,0
-1.222974,0
0.9218699,0
0.7739941,0
0.35258684,0
-0.16595949,0
0.61112314,0
-0.10376709,0
0.46214533,0
0.3275365,0
-0.091966406,0
0.054574538,0
-0.1551518,0
-0.033338737,0
-2.0645578,0
-0.9915946,0
1.0690088,0
-0.7928231,0
-0.376839,0
-0.15967703,0
0.6938465,0
-0.09546095,0
0.4927907,0
0.055617288,0
-0.4674508,0
2.0119011,0
1.3730505,0
-0.8641474,0
0.6117981,0
-1.1338735,0
-0.3523574,0
-0.10606626,0
-0.22779362,0
-0.29278192,0
-0.58191454,0
0.47702736,0
1.0303879,0
1.0057281,0
0.30180854,0
-0.8916176,0
-0.47657108,0
-0.044120677,0
0.77450955,0
0.55916035,0
-0.06985334,0
1.2327248,0
0.017905299,0
-0.5737332,0
0.5922239,0
-0.6888158,0
1.0153779,0
-0.019058682,0
-0.56647956,0
-0.45968962,0
0.19382712,0
-0.6477773,0
0.48742235,0
0.110614344,0
0.061377246,0
0.019951485,0
1.0930305,0
-0.6801238,0
-0.6256244,0
0.46872908,0
0.45986205,0
-0.24116269,0
0.24702567,0
0.16208225,0
-1.3295527,0
0.0966016,0
0.6442637,0
1.9970014,0
-0.24040484,0
-0.889864,0
0.010821775,0
0.23518892,0
-1.2313842,0
-0.43405136,0
-1.0636345,0
-0.25052217,0
0.054223094,0
-0.4883384,0
-0.20292704,0
0.35540488,0
0.9341789,0
-0.85191613,0
-0.1826955,0
0.5797414,0
-1.065775,0
-0.6424141,0
-1.0797979,0
-0.32739234,0
0.41429934,0
1.077258,0
1.3105451,0
0.71690744,0
-0.41985834,0
0.15338585,0
-0.47373652,0
-0.40788904,0
0.7047532,0
1.0379492,0
1.3542726,0
0.5363166,0
-0.45770174,0
0.4298766,0
1.1420774,0
0.6595853,0
0.7759894,0
1.8000878,0
1.1706041,0
-0.16918497,0
-0.5593373,0
-0.5664666,0
-0.8327924,0
-1.23994,0
-0.31004208,0
1.1026695,0
-1.8123176,0
4.3353405,0
-0.18274036,0
-1.3098537,0
0.1387039,0
-0.29926312,0
-0.31286657,0
0.5606849,0
-0.12306097,0
-0.009702618,0
-0.63906854,0
0.40802947,0
-1.74603,0
1.7048163,0
1.6207924,0
-0.19029443,0
0.7649829,0
-0.009861663,0
-1.015584,0
0.5255684,0
0.5206052,0
0.7118768,0
-0.9140064,0
0.36827826,0
0.46462348,0
-0.83727723,0
0.1737648,0
-0.4820987,0
0.024995461,0
1.1903856,0
0.48841363,0
-0.8636567,0
0.777074,0
-0.6236877,0
-0.50199,0
-0.2239543,0
0.85459906,0
-0.45604613,0
0.2725973,0
0.85971415,0
1.5453118,0
-0.23143211,0
0.23093528,0
0.30180854,0
0.93617964,0
0.012866053,0
0.2946989,0
-0.5452012,0
-1.0789222,0
0.07044089,0
-0.003799241,0
0.23335375,0
0.7158516,0
-0.033624988,0
1.4992039,0
-1.7086403,0
1.3625468,0
-1.9760566,0
-0.10168743,0
-1.0555146,0
-1.2883458,0
-1.1761174,0
0.036053598,0
0.8240099,0
1.003556,0
-0.4007865,0
0.681843,0
-1.0739048,0
0.5234865,0
-0.11905897,0
0.69356114,0
-0.07611858,0
-0.7402395,0
1.0163723,0
-0.8564247,0
-0.13609011,0
1.0300446,0
-0.42012888,0
-1.3868499,0
-0.62763894,0
1.2531374,0
-0.043362178,0
-0.8555573,0
0.7313352,0
0.06969476,0
-0.7467375,0
1.0360687,0
0.68939143,0
-1.7467055,0
1.0466447,0
-0.9038643,0
-1.7160966,0
-0.41771472,0
-1.3454152,0
-0.8261121,0
0.86303735,0
-0.37612027,0
0.5565673,0
-0.76640064,0
-2.9098728,0
-0.12219041,0
-1.224669,0
1.6296077,0
2.5274963,0
-1.2125747,0
-1.1781857,0
-0.7708885,0
0.34763467,0
1.964982,0
0.07629885,0
0.06607336,0
-0.76013255,0
0.65444094,0
-1.3691615,0
0.39410874,0
0.10763616,0
0.55779064,0
-0.1549389,0
-0.7512566,0
0.5145144,0
-0.41997445,0
-0.14370564,0
0.7416745,0
0.06207202,0
0.054146104,0
-0.13016145,0
-1.6141838,0
0.4820279,0
0.22002332,0
-0.8167084,0
1.132343,0
-0.934527,0
0.2630026,0
-0.37794444,0
1.5155023,0
-0.6375378,0
-0.57537377,0
0.50937665,0
0.46656212,0
-0.3262493,0
0.10635722,0
0.044497084,0
-1.1775477,0
0.36708948,0
-0.5354096,0
-0.0447641,0
-0.46787268,0
0.66155994,0
0.55346495,0
-0.67166084,0
-0.054160126,0
0.67755276,0
0.47093165,0
0.52043843,0
-0.35330418,0
1.0174663,0
0.44384456,0
-1.2394505,0
-0.42252612,0
0.70654494,0
-0.43001184,0
-0.2815621,0
0.48474842,0
0.61291176,0
0.07586208,0
-1.7328188,0
-0.26052126,0
0.2699288,0
-0.13440461,0
0.013623259,0
-0.9201572,0
0.10021168,0
-0.79778266,0
3.9360785,0
-0.045928136,0
-0.6282793,0
-0.015806973,0
-0.5667532,0
0.43475056,0
-1.0755719,0
0.52822137,0
0.34238872,0
0.31088126,0
-0.74360836,0
0.45665753,0
-0.65776056,0
-0.118810356,0
1.1996689,0
0.31614926,0
-0.08732602,0
0.09797554,0
0.446698,0
-0.73788685,0
0.90985245,0
-1.1504683,0
-1.8022513,0
0.51230437,0
0.80918497,0
0.065454416,0
-0.55179757,0
-0.5146275,0
0.6814474,0
0.37363967,0
0.2045598,0
0.012711727,0
-0.25845778,0
-0.43736407,0
0.71673435,0
-0.9735488,0
-0.4838117,0
-0.55650014,0
-1.291631,0
-1.4854137,0
0.7438182,0
1.0013345,0
0.6302905,0
1.9361209,0
-0.34845033,0
-1.3678584,0
1.7848252,0
0.38407457,0
-1.7912536,0
0.20332068,0
0.4996326,0
-1.4800745,0
0.031557582,0
0.5613639,0
-0.7212196,0
0.8504622,0
0.30527976,0
0.207386,0
-0.5560618,0
-0.24600175,0
0.07863113,0
-1.183628,0
-0.11766782,0
-0.35116684,0
-0.033845685,0
0.044899974,0
-0.6667379,0
-0.9670511,0
-0.7163971,0
-1.7948288,0
0.0019300225,0
1.3486427,0
0.728145,0
-1.1596063,0
2.3016286,0
0.16046594,0
-0.6211319,0
-0.16064024,0
0.40843675,0
-0.6044451,0
0.25052705,0
0.8486223,0
-0.28309068,0
0.19278196,0
0.7680706,0
-0.5032206,0
-1.0965731,0
1.3183562,0
1.456817,0
0.86790544,0
0.36094162,0
1.6148468,0
-1.6420137,0
0.060582545,0
-0.9085569,0
0.20102642,0
-0.2415781,0
0.5316173,0
-1.3231424,0
0.64224166,0
-0.5165251,0
2.2689912,0
0.5236024,0
-0.68344975,0
-0.7815859,0
1.3536781,0
-0.3960911,0
-0.72841907,0
-0.7240662,0
-0.15677655,0
-0.1755684,0
-2.0622566,0
1.5781809,0
0.7213283,0
-1.2647971,0
-0.34835032,0
-0.42385754,0
-0.74883664,0
0.31717822,0
1.4481108,0
-1.2491759,0
0.6400874,0
-0.2909777,0
-1.8451893,0
0.7595902,0
0.3747083,0
0.053289287,0
-0.50658697,0
-0.2019946,0
-0.16192776,0
0.12715624,0
1.3121701,0
0.25818402,0
-0.629041,0
-0.21573803,0
-1.100756,0
-0.0013679795,0
0.62522215,0
0.47691453,0
-0.522571,0
-0.36959866,0
-0.32683793,0
-0.6164306,0
-0.19223937,0
2.042307,0
-0.061202496,0
1.4907659,0
-0.72569436,0
1.1096109,0
0.099328965,0
0.7718584,0
1.3662347,0
-0.47082874,0
-0.11441392,0
1.6651161,0
1.4000449,0
-0.79077023,0
-0.7722432,0
-0.28269,0
0.023345862,0
0.4630746,0
1.4549856,0
0.6060784,0
-2.141708,0
-0.5789163,0
-0.23800786,0
-0.48594552,0
-0.57858074,0
0.52504915,0
-0.34148163,0
0.76538396,0
-0.12873477,0
-0.16953452,0
0.6236801,0
1.0280414,0
-0.25495097,0
1.0260451,0
0.0659819,0
-1.2249295,0
0.36347774,0
-0.03585661,0
0.4160661,0
-0.5428706,0
0.55253285,0
0.7338997,0
0.47158378,0
0.8731499,0
1.775462,0
0.10428086,0
1.1275018,0
0.05106466,0
-1.0835357,0
0.76552194,0
-1.6599734,0
-0.35155177,0
-0.76289564,0
0.6375559,0
-1.389916,0
-0.78196377,0
-0.015914273,0
-0.3653677,0
-1.5967805,0
-0.57545793,0
-0.5290977,0
1.1054758,0
0.14484875,0
-0.38305888,0
0.17500252,0
0.40397778,0
0.43627664,0
0.022382835,0
0.29060984,0
0.2964631,0
0.4226548,0
0.44710132,0
0.89534646,0
-0.9348263,0
0.041222285,0
-0.100959934,0
-0.57505465,0
-0.47246578,0
-0.95587367,0
-0.43981865,0
-0.4396085,0
-0.38608328,0
-0.6948822,0
0.23775162,0
-0.84161395,0
0.3224854,0
1.3715491,0
0.20935272,0
0.032354314,0
1.2036651,0
-0.533558,0
1.3212501,0
0.27062535,0
0.24021897,0
0.19651634,0
-1.3931638,0
-0.9247471,0
0.3147995,0
0.06928847,0
0.18448737,0
-1.3137363,0
